{"cameraMode":{"drawMode":0,"name":"Shaded","section":"Shading Mode"},"sceneLighting":false,"audioPlay":false,"sceneViewState":{"showFog":true,"showMaterialUpdate":true,"showSkybox":false,"showFlares":true,"showImageEffects":true,"showParticleSystems":true},"in2DMode":false,"pivot":{"x":507.1338806152344,"y":36.3768310546875,"z":1744.4599609375},"rotation":{"x":0.1229998990893364,"y":-0.021704325452446939,"z":0.002194362925365567,"w":0.9923441410064697},"size":2680.04296875,"orthographic":false}