{"cameraMode":{"drawMode":0,"name":"Shaded","section":"Shading Mode"},"sceneLighting":true,"audioPlay":false,"sceneViewState":{"showFog":false,"showMaterialUpdate":false,"showSkybox":false,"showFlares":false,"showImageEffects":false,"showParticleSystems":false},"in2DMode":false,"pivot":{"x":127.59730529785156,"y":53.3648796081543,"z":-127.50792694091797},"rotation":{"x":0.2526871860027313,"y":0.1693563610315323,"z":-0.04499024897813797,"w":0.9518014192581177},"size":5.628492832183838,"orthographic":false}