{"cameraMode":{"drawMode":0,"name":"Shaded","section":"Shading Mode"},"sceneLighting":false,"audioPlay":false,"sceneViewState":{"showFog":true,"showMaterialUpdate":true,"showSkybox":true,"showFlares":true,"showImageEffects":true,"showParticleSystems":true},"in2DMode":false,"pivot":{"x":4.796457290649414,"y":-3.1471877098083498,"z":1.5378661155700684},"rotation":{"x":-0.03952578455209732,"y":-0.9147127270698547,"z":0.09256678074598313,"w":-0.3917291760444641},"size":22.0,"orthographic":false}