{"cameraMode":{"drawMode":0,"name":"Shaded","section":"Shading Mode"},"sceneLighting":false,"audioPlay":false,"sceneViewState":{"showFog":false,"showMaterialUpdate":false,"showSkybox":false,"showFlares":false,"showImageEffects":false,"showParticleSystems":false},"in2DMode":false,"pivot":{"x":3.7661311626434328,"y":-17.21940040588379,"z":-37.508155822753909},"rotation":{"x":0.014516088180243969,"y":0.977959930896759,"z":-0.1906774789094925,"w":0.08951213955879212},"size":11.91359806060791,"orthographic":false}