{"cameraMode":{"drawMode":0,"name":"Shaded","section":"Shading Mode"},"sceneLighting":false,"audioPlay":false,"sceneViewState":{"showFog":false,"showMaterialUpdate":false,"showSkybox":false,"showFlares":false,"showImageEffects":false,"showParticleSystems":false},"in2DMode":false,"pivot":{"x":2.9952054023742677,"y":2.226567029953003,"z":-13.211979866027832},"rotation":{"x":0.012869521044194699,"y":-0.983919084072113,"z":0.16856738924980164,"w":0.06398192793130875},"size":11.899465560913086,"orthographic":false}