{"cameraMode":{"drawMode":0,"name":"Shaded","section":"Shading Mode"},"sceneLighting":false,"audioPlay":false,"sceneViewState":{"showFog":false,"showMaterialUpdate":false,"showSkybox":false,"showFlares":false,"showImageEffects":false,"showParticleSystems":false},"in2DMode":false,"pivot":{"x":4.794955253601074,"y":1.5734224319458008,"z":-0.3607119619846344},"rotation":{"x":0.19448769092559815,"y":0.6661554574966431,"z":-0.18729402124881745,"w":0.6957474946975708},"size":10.653099060058594,"orthographic":false}