{"cameraMode":{"drawMode":0,"name":"Shaded","section":"Shading Mode"},"sceneLighting":false,"audioPlay":false,"sceneViewState":{"showFog":true,"showMaterialUpdate":true,"showSkybox":true,"showFlares":true,"showImageEffects":true,"showParticleSystems":true},"in2DMode":false,"pivot":{"x":11.122447967529297,"y":11.392021179199219,"z":18.059280395507814},"rotation":{"x":-0.21096347272396089,"y":-0.7100492119789124,"z":0.2388642579317093,"w":-0.6280760169029236},"size":22.0,"orthographic":false}