{"cameraMode":{"drawMode":0,"name":"Shaded","section":"Shading Mode"},"sceneLighting":false,"audioPlay":false,"sceneViewState":{"showFog":false,"showMaterialUpdate":false,"showSkybox":false,"showFlares":false,"showImageEffects":false,"showParticleSystems":false},"in2DMode":false,"pivot":{"x":4.388813018798828,"y":-0.22106008231639863,"z":-31.141773223876954},"rotation":{"x":-0.1213809922337532,"y":0.8796008229255676,"z":-0.3578557074069977,"w":-0.2906751334667206},"size":16.51140785217285,"orthographic":false}