{"cameraMode":{"drawMode":0,"name":"Shaded","section":"Shading Mode"},"sceneLighting":false,"audioPlay":false,"sceneViewState":{"showFog":true,"showMaterialUpdate":true,"showSkybox":false,"showFlares":true,"showImageEffects":true,"showParticleSystems":true},"in2DMode":false,"pivot":{"x":-8.789286613464356,"y":-1.888882040977478,"z":3.9601054191589357},"rotation":{"x":0.00802635122090578,"y":-0.9407739639282227,"z":0.33824422955513,"w":0.022269148379564287},"size":15.260377883911133,"orthographic":false}