{"cameraMode":{"drawMode":0,"name":"Shaded","section":"Shading Mode"},"sceneLighting":false,"audioPlay":false,"sceneViewState":{"showFog":true,"showMaterialUpdate":true,"showSkybox":true,"showFlares":true,"showImageEffects":true,"showParticleSystems":true},"in2DMode":false,"pivot":{"x":16.944467544555665,"y":21.29239845275879,"z":-29.6867618560791},"rotation":{"x":-0.2262796312570572,"y":0.029481232166290284,"z":-0.0064627244137227539,"w":-0.9737831950187683},"size":11.701961517333985,"orthographic":false}