{"cameraMode":{"drawMode":0,"name":"Shaded","section":"Shading Mode"},"sceneLighting":false,"audioPlay":false,"sceneViewState":{"showFog":true,"showMaterialUpdate":true,"showSkybox":false,"showFlares":true,"showImageEffects":true,"showParticleSystems":true},"in2DMode":false,"pivot":{"x":-212.7938232421875,"y":402.8095397949219,"z":-794.0372314453125},"rotation":{"x":-0.04677065461874008,"y":0.032057154923677447,"z":-0.0014887034194543958,"w":-0.9984138011932373},"size":7.071067810058594,"orthographic":false}