{"cameraMode":{"drawMode":0,"name":"Shaded","section":"Shading Mode"},"sceneLighting":false,"audioPlay":false,"sceneViewState":{"showFog":true,"showMaterialUpdate":true,"showSkybox":true,"showFlares":true,"showImageEffects":true,"showParticleSystems":true},"in2DMode":false,"pivot":{"x":-43.099609375,"y":-63.594085693359378,"z":-472.8115234375},"rotation":{"x":0.17867626249790193,"y":-0.7159155607223511,"z":0.1982380896806717,"w":0.645197868347168},"size":470.2769775390625,"orthographic":false}