{"cameraMode":{"drawMode":0,"name":"Shaded","section":"Shading Mode"},"sceneLighting":false,"audioPlay":false,"sceneViewState":{"showFog":true,"showMaterialUpdate":true,"showSkybox":true,"showFlares":true,"showImageEffects":true,"showParticleSystems":true},"in2DMode":false,"pivot":{"x":14.320204734802246,"y":-175.53033447265626,"z":177.88986206054688},"rotation":{"x":0.4019935131072998,"y":0.17164172232151032,"z":-0.07710044831037522,"w":0.8962549567222595},"size":283.103515625,"orthographic":false}