{"cameraMode":{"drawMode":0,"name":"Shaded","section":"Shading Mode"},"sceneLighting":false,"audioPlay":false,"sceneViewState":{"showFog":true,"showMaterialUpdate":true,"showSkybox":false,"showFlares":true,"showImageEffects":true,"showParticleSystems":true},"in2DMode":false,"pivot":{"x":0.6135240793228149,"y":0.9680331349372864,"z":0.020805779844522477},"rotation":{"x":-0.16591668128967286,"y":-0.8029342889785767,"z":0.262032687664032,"w":-0.5092407464981079},"size":3.220271348953247,"orthographic":false}