{"cameraMode":{"drawMode":0,"name":"Shaded","section":"Shading Mode"},"sceneLighting":true,"audioPlay":false,"sceneViewState":{"showFog":false,"showMaterialUpdate":false,"showSkybox":false,"showFlares":false,"showImageEffects":false,"showParticleSystems":false},"in2DMode":false,"pivot":{"x":-4.436823844909668,"y":12.832456588745118,"z":151.01473999023438},"rotation":{"x":0.46402427554130556,"y":0.04290132224559784,"z":-0.022300811484456064,"w":0.8847929835319519},"size":11.455106735229493,"orthographic":false}