{"cameraMode":{"drawMode":0,"name":"Shaded","section":"Shading Mode"},"sceneLighting":false,"audioPlay":false,"sceneViewState":{"showFog":true,"showMaterialUpdate":true,"showSkybox":true,"showFlares":true,"showImageEffects":true,"showParticleSystems":true},"in2DMode":false,"pivot":{"x":-27.507450103759767,"y":93.79259490966797,"z":-75.11534881591797},"rotation":{"x":-0.42438986897468569,"y":-0.2747710049152374,"z":0.13686485588550569,"w":-0.8519711494445801},"size":50.37152099609375,"orthographic":false}