{"cameraMode":{"drawMode":0,"name":"Shaded","section":"Shading Mode"},"sceneLighting":false,"audioPlay":false,"sceneViewState":{"showFog":true,"showMaterialUpdate":true,"showSkybox":true,"showFlares":true,"showImageEffects":true,"showParticleSystems":true},"in2DMode":false,"pivot":{"x":-0.213926300406456,"y":-89.80632019042969,"z":195.75416564941407},"rotation":{"x":0.2263704538345337,"y":-0.006678991485387087,"z":0.0011745584197342396,"w":0.9742116928100586},"size":225.01588439941407,"orthographic":false}