{"cameraMode":{"drawMode":0,"name":"Shaded","section":"Shading Mode"},"sceneLighting":false,"audioPlay":false,"sceneViewState":{"showFog":true,"showMaterialUpdate":true,"showSkybox":false,"showFlares":true,"showImageEffects":true,"showParticleSystems":true},"in2DMode":false,"pivot":{"x":-7.647105693817139,"y":-1.3401312828063965,"z":8.047097206115723},"rotation":{"x":0.022735262289643289,"y":-0.8926177024841309,"z":0.44798198342323305,"w":0.045263227075338367},"size":15.260377883911133,"orthographic":false}