{"cameraMode":{"drawMode":0,"name":"Shaded","section":"Shading Mode"},"sceneLighting":false,"audioPlay":false,"sceneViewState":{"showFog":true,"showMaterialUpdate":true,"showSkybox":true,"showFlares":true,"showImageEffects":true,"showParticleSystems":true},"in2DMode":false,"pivot":{"x":-221.3377227783203,"y":-4.195735931396484,"z":13.522137641906739},"rotation":{"x":0.41571295261383059,"y":0.5080331563949585,"z":-0.30947408080101015,"w":0.6883721351623535},"size":37.30939483642578,"orthographic":false}