{"cameraMode":{"drawMode":0,"name":"Shaded","section":"Shading Mode"},"sceneLighting":false,"audioPlay":false,"sceneViewState":{"showFog":false,"showMaterialUpdate":false,"showSkybox":false,"showFlares":false,"showImageEffects":false,"showParticleSystems":false},"in2DMode":false,"pivot":{"x":135.43553161621095,"y":18.881885528564454,"z":-73.09126281738281},"rotation":{"x":-0.10720241814851761,"y":-0.8516201972961426,"z":0.19441810250282288,"w":-0.4755513668060303},"size":11.671928405761719,"orthographic":false}