{"cameraMode":{"drawMode":0,"name":"Shaded","section":"Shading Mode"},"sceneLighting":false,"audioPlay":false,"sceneViewState":{"showFog":true,"showMaterialUpdate":true,"showSkybox":false,"showFlares":true,"showImageEffects":true,"showParticleSystems":true},"in2DMode":false,"pivot":{"x":-3.0276994705200197,"y":0.627596914768219,"z":5.035128116607666},"rotation":{"x":0.013407967984676361,"y":-0.9800474047660828,"z":0.18774224817752839,"w":0.06715632230043411},"size":3.922802686691284,"orthographic":false}