{"cameraMode":{"drawMode":0,"name":"Shaded","section":"Shading Mode"},"sceneLighting":true,"audioPlay":false,"sceneViewState":{"showFog":true,"showMaterialUpdate":true,"showSkybox":true,"showFlares":true,"showImageEffects":true,"showParticleSystems":true},"in2DMode":false,"pivot":{"x":298.7817687988281,"y":47.959815979003909,"z":-81.23210144042969},"rotation":{"x":-0.3419966995716095,"y":-0.17832717299461366,"z":0.06626515090465546,"w":-0.9202632904052734},"size":4.359902381896973,"orthographic":false}