{"cameraMode":{"drawMode":0,"name":"Shaded","section":"Shading Mode"},"sceneLighting":false,"audioPlay":false,"sceneViewState":{"showFog":true,"showMaterialUpdate":true,"showSkybox":false,"showFlares":true,"showImageEffects":true,"showParticleSystems":true},"in2DMode":false,"pivot":{"x":1.4295425415039063,"y":-0.16006946563720704,"z":-1.106398582458496},"rotation":{"x":-0.16591668128967286,"y":-0.8029342889785767,"z":0.262032687664032,"w":-0.5092407464981079},"size":6.83393669128418,"orthographic":false}