{"cameraMode":{"drawMode":0,"name":"Shaded","section":"Shading Mode"},"sceneLighting":false,"audioPlay":false,"sceneViewState":{"showFog":true,"showMaterialUpdate":true,"showSkybox":false,"showFlares":true,"showImageEffects":true,"showParticleSystems":true},"in2DMode":false,"pivot":{"x":7.753365516662598,"y":-2.246259927749634,"z":2.16176700592041},"rotation":{"x":-0.09445952624082566,"y":-0.8560462594032288,"z":0.1695733368396759,"w":-0.47947677969932558},"size":14.503902435302735,"orthographic":false}