{"cameraMode":{"drawMode":0,"name":"Shaded","section":"Shading Mode"},"sceneLighting":false,"audioPlay":false,"sceneViewState":{"showFog":true,"showMaterialUpdate":true,"showSkybox":true,"showFlares":true,"showImageEffects":true,"showParticleSystems":true},"in2DMode":false,"pivot":{"x":3.4404969215393068,"y":-53.739105224609378,"z":7.947293758392334},"rotation":{"x":0.2045498788356781,"y":0.7866185903549194,"z":-0.3402040898799896,"w":0.4732028841972351},"size":140.24606323242188,"orthographic":false}