{"cameraMode":{"drawMode":0,"name":"Shaded","section":"Shading Mode"},"sceneLighting":false,"audioPlay":false,"sceneViewState":{"showFog":true,"showMaterialUpdate":true,"showSkybox":true,"showFlares":true,"showImageEffects":true,"showParticleSystems":true},"in2DMode":false,"pivot":{"x":-7.653322696685791,"y":3.5437209606170656,"z":10.778422355651856},"rotation":{"x":-0.15553122758865357,"y":-0.042366549372673038,"z":0.006676384247839451,"w":-0.9869044423103333},"size":16.126920700073243,"orthographic":false}