{"cameraMode":{"drawMode":0,"name":"Shaded","section":"Shading Mode"},"sceneLighting":false,"audioPlay":false,"sceneViewState":{"showFog":true,"showMaterialUpdate":true,"showSkybox":false,"showFlares":true,"showImageEffects":true,"showParticleSystems":true},"in2DMode":false,"pivot":{"x":-2.313365936279297,"y":-0.31443294882774355,"z":4.318145275115967},"rotation":{"x":0.03281654790043831,"y":-0.9481419324874878,"z":0.29980725049972536,"w":0.10219106078147888},"size":6.575654983520508,"orthographic":false}