{"cameraMode":{"drawMode":0,"name":"Shaded","section":"Shading Mode"},"sceneLighting":false,"audioPlay":false,"sceneViewState":{"showFog":true,"showMaterialUpdate":true,"showSkybox":false,"showFlares":true,"showImageEffects":true,"showParticleSystems":true},"in2DMode":false,"pivot":{"x":-8.332446098327637,"y":0.3289135694503784,"z":9.175148963928223},"rotation":{"x":0.0707228034734726,"y":0.9021942019462586,"z":-0.39335471391677859,"w":0.16223813593387605},"size":13.288254737854004,"orthographic":false}