{"cameraMode":{"drawMode":0,"name":"Shaded","section":"Shading Mode"},"sceneLighting":false,"audioPlay":false,"sceneViewState":{"showFog":true,"showMaterialUpdate":true,"showSkybox":true,"showFlares":true,"showImageEffects":true,"showParticleSystems":true},"in2DMode":false,"pivot":{"x":41.279998779296878,"y":-1.7195134443093046e-17,"z":38.720001220703128},"rotation":{"x":-0.25440067052841189,"y":-0.733869194984436,"z":0.36312854290008547,"w":-0.5148453116416931},"size":78.70260620117188,"orthographic":false}