{"cameraMode":{"drawMode":0,"name":"Shaded","section":"Shading Mode"},"sceneLighting":false,"audioPlay":false,"sceneViewState":{"showFog":true,"showMaterialUpdate":true,"showSkybox":false,"showFlares":true,"showImageEffects":true,"showParticleSystems":true},"in2DMode":false,"pivot":{"x":1.3213655948638917,"y":-5.511691570281982,"z":1.9709315299987794},"rotation":{"x":-0.2864920198917389,"y":-0.34350669384002688,"z":0.1111539751291275,"w":-0.8876056671142578},"size":21.551244735717775,"orthographic":false}