{"cameraMode":{"drawMode":0,"name":"Shaded","section":"Shading Mode"},"sceneLighting":false,"audioPlay":false,"sceneViewState":{"showFog":true,"showMaterialUpdate":true,"showSkybox":true,"showFlares":true,"showImageEffects":true,"showParticleSystems":true},"in2DMode":false,"pivot":{"x":224.48060607910157,"y":-278.10546875,"z":563.6828002929688},"rotation":{"x":0.22781012952327729,"y":0.0026098061352968218,"z":-0.0006521592731587589,"w":0.9737858176231384},"size":737.8627319335938,"orthographic":false}