{"cameraMode":{"drawMode":0,"name":"Shaded","section":"Shading Mode"},"sceneLighting":true,"audioPlay":false,"sceneViewState":{"showFog":false,"showMaterialUpdate":false,"showSkybox":false,"showFlares":false,"showImageEffects":false,"showParticleSystems":false},"in2DMode":false,"pivot":{"x":22.04743194580078,"y":-78.57286834716797,"z":-7.9162278175354},"rotation":{"x":0.4218137562274933,"y":-0.09907674789428711,"z":0.04654046520590782,"w":0.9000509977340698},"size":172.83432006835938,"orthographic":false}