{"cameraMode":{"drawMode":0,"name":"Shaded","section":"Shading Mode"},"sceneLighting":false,"audioPlay":false,"sceneViewState":{"showFog":true,"showMaterialUpdate":true,"showSkybox":false,"showFlares":true,"showImageEffects":true,"showParticleSystems":true},"in2DMode":false,"pivot":{"x":606.0184936523438,"y":302.9357604980469,"z":-22.453636169433595},"rotation":{"x":0.2195015698671341,"y":0.3471664786338806,"z":-0.08432015776634217,"w":0.9080924987792969},"size":318.6893005371094,"orthographic":false}