{"cameraMode":{"drawMode":0,"name":"Shaded","section":"Shading Mode"},"sceneLighting":false,"audioPlay":false,"sceneViewState":{"showFog":true,"showMaterialUpdate":true,"showSkybox":true,"showFlares":true,"showImageEffects":true,"showParticleSystems":true},"in2DMode":false,"pivot":{"x":234.0960693359375,"y":-4.660178184509277,"z":-77.22283172607422},"rotation":{"x":-0.28167596459388735,"y":0.4511498212814331,"z":-0.1521061211824417,"w":-0.8332275748252869},"size":24.02454948425293,"orthographic":false}