{"cameraMode":{"drawMode":0,"name":"Shaded","section":"Shading Mode"},"sceneLighting":false,"audioPlay":false,"sceneViewState":{"showFog":true,"showMaterialUpdate":true,"showSkybox":true,"showFlares":true,"showImageEffects":true,"showParticleSystems":true},"in2DMode":false,"pivot":{"x":436.0059814453125,"y":-52.77635192871094,"z":205.95355224609376},"rotation":{"x":0.08960682153701782,"y":0.3428099751472473,"z":-0.03893250599503517,"w":0.9347869753837586},"size":402.0160827636719,"orthographic":false}