{"cameraMode":{"drawMode":0,"name":"Shaded","section":"Shading Mode"},"sceneLighting":true,"audioPlay":false,"sceneViewState":{"showFog":true,"showMaterialUpdate":true,"showSkybox":true,"showFlares":true,"showImageEffects":true,"showParticleSystems":true},"in2DMode":false,"pivot":{"x":382.07275390625,"y":146.86538696289063,"z":323.2348937988281},"rotation":{"x":-0.13627544045448304,"y":-0.03951903060078621,"z":0.005441601853817701,"w":-0.9898766279220581},"size":752.7601928710938,"orthographic":false}