{"cameraMode":{"drawMode":0,"name":"Shaded","section":"Shading Mode"},"sceneLighting":false,"audioPlay":false,"sceneViewState":{"showFog":false,"showMaterialUpdate":false,"showSkybox":false,"showFlares":false,"showImageEffects":false,"showParticleSystems":false},"in2DMode":false,"pivot":{"x":526.4882202148438,"y":394.7200622558594,"z":-251.32049560546876},"rotation":{"x":-0.0767425000667572,"y":0.007029796484857798,"z":-0.0003096205764450133,"w":-0.9973063468933106},"size":473.6731872558594,"orthographic":false}