{"cameraMode":{"drawMode":0,"name":"Shaded","section":"Shading Mode"},"sceneLighting":false,"audioPlay":false,"sceneViewState":{"showFog":true,"showMaterialUpdate":true,"showSkybox":true,"showFlares":true,"showImageEffects":true,"showParticleSystems":true},"in2DMode":false,"pivot":{"x":-39.922088623046878,"y":-136.56390380859376,"z":80.3424072265625},"rotation":{"x":-0.33311542868614199,"y":-0.1868748664855957,"z":0.0674867331981659,"w":-0.9217231273651123},"size":304.2948303222656,"orthographic":false}