{"cameraMode":{"drawMode":0,"name":"Shaded","section":"Shading Mode"},"sceneLighting":false,"audioPlay":false,"sceneViewState":{"showFog":false,"showMaterialUpdate":false,"showSkybox":false,"showFlares":false,"showImageEffects":false,"showParticleSystems":false},"in2DMode":false,"pivot":{"x":-555.6229248046875,"y":-638.2667846679688,"z":300.2449035644531},"rotation":{"x":0.33869612216949465,"y":-0.47073259949684145,"z":0.20192678272724152,"w":0.7893632650375366},"size":991.7622680664063,"orthographic":false}