{"cameraMode":{"drawMode":0,"name":"Shaded","section":"Shading Mode"},"sceneLighting":false,"audioPlay":false,"sceneViewState":{"showFog":true,"showMaterialUpdate":true,"showSkybox":false,"showFlares":true,"showImageEffects":true,"showParticleSystems":true},"in2DMode":false,"pivot":{"x":-2.1783182621002199,"y":0.6946144104003906,"z":3.0406148433685304},"rotation":{"x":-0.01462450623512268,"y":-0.9804586172103882,"z":0.17877063155174256,"w":-0.08312298357486725},"size":7.846264362335205,"orthographic":false}