{"cameraMode":{"drawMode":0,"name":"Shaded","section":"Shading Mode"},"sceneLighting":false,"audioPlay":false,"sceneViewState":{"showFog":true,"showMaterialUpdate":true,"showSkybox":true,"showFlares":true,"showImageEffects":true,"showParticleSystems":true},"in2DMode":false,"pivot":{"x":45.33530807495117,"y":1.3516238927841187,"z":5.869069576263428},"rotation":{"x":-0.33449846506118777,"y":-0.07847286015748978,"z":0.027962377294898034,"w":-0.9387127757072449},"size":66.13824462890625,"orthographic":false}