{"cameraMode":{"drawMode":0,"name":"Shaded","section":"Shading Mode"},"sceneLighting":false,"audioPlay":false,"sceneViewState":{"showFog":true,"showMaterialUpdate":true,"showSkybox":true,"showFlares":true,"showImageEffects":true,"showParticleSystems":true},"in2DMode":false,"pivot":{"x":-226.6507110595703,"y":101.45893859863281,"z":-76.9308090209961},"rotation":{"x":-0.3398401737213135,"y":-0.21711261570453645,"z":0.08243720978498459,"w":-0.9116461277008057},"size":5.992866516113281,"orthographic":false}