{"cameraMode":{"drawMode":0,"name":"Shaded","section":"Shading Mode"},"sceneLighting":false,"audioPlay":false,"sceneViewState":{"showFog":true,"showMaterialUpdate":true,"showSkybox":false,"showFlares":true,"showImageEffects":true,"showParticleSystems":true},"in2DMode":false,"pivot":{"x":-1.5148981809616089,"y":1.6588417291641236,"z":-0.46831440925598147},"rotation":{"x":-0.359014630317688,"y":-0.12652046978473664,"z":0.049684807658195499,"w":-0.9235824942588806},"size":3.801215887069702,"orthographic":false}