{"cameraMode":{"drawMode":0,"name":"Shaded","section":"Shading Mode"},"sceneLighting":false,"audioPlay":false,"sceneViewState":{"showFog":true,"showMaterialUpdate":true,"showSkybox":false,"showFlares":true,"showImageEffects":true,"showParticleSystems":true},"in2DMode":false,"pivot":{"x":-7.806213855743408,"y":-3.4538609981536867,"z":2.6609530448913576},"rotation":{"x":0.004773446824401617,"y":-0.9556232690811157,"z":0.2941926419734955,"w":0.01545238122344017},"size":15.260377883911133,"orthographic":false}