{"cameraMode":{"drawMode":0,"name":"Shaded","section":"Shading Mode"},"sceneLighting":false,"audioPlay":false,"sceneViewState":{"showFog":true,"showMaterialUpdate":true,"showSkybox":false,"showFlares":true,"showImageEffects":true,"showParticleSystems":true},"in2DMode":false,"pivot":{"x":-21.343673706054689,"y":-517.7205810546875,"z":974.226318359375},"rotation":{"x":0.29024800658226015,"y":-0.20836341381072999,"z":0.0643719956278801,"w":0.9319596886634827},"size":2150.603515625,"orthographic":false}