{"cameraMode":{"drawMode":0,"name":"Shaded","section":"Shading Mode"},"sceneLighting":false,"audioPlay":false,"sceneViewState":{"showFog":false,"showMaterialUpdate":false,"showSkybox":false,"showFlares":false,"showImageEffects":false,"showParticleSystems":false},"in2DMode":false,"pivot":{"x":39.946102142333987,"y":6.898670196533203,"z":11.34689712524414},"rotation":{"x":0.254582941532135,"y":-0.25577205419540408,"z":0.06940890848636627,"w":0.9301620125770569},"size":32.00830841064453,"orthographic":false}