{"cameraMode":{"drawMode":0,"name":"Shaded","section":"Shading Mode"},"sceneLighting":false,"audioPlay":false,"sceneViewState":{"showFog":true,"showMaterialUpdate":true,"showSkybox":false,"showFlares":true,"showImageEffects":true,"showParticleSystems":true},"in2DMode":false,"pivot":{"x":29.95279312133789,"y":-59.59978485107422,"z":85.83940887451172},"rotation":{"x":0.2893122136592865,"y":0.15777935087680818,"z":-0.05453173816204071,"w":0.943034291267395},"size":115.86433410644531,"orthographic":false}