{"cameraMode":{"drawMode":0,"name":"Shaded","section":"Shading Mode"},"sceneLighting":false,"audioPlay":false,"sceneViewState":{"showFog":true,"showMaterialUpdate":true,"showSkybox":true,"showFlares":true,"showImageEffects":true,"showParticleSystems":true},"in2DMode":false,"pivot":{"x":-221.43893432617188,"y":20.369401931762697,"z":-18.755735397338868},"rotation":{"x":0.23324474692344666,"y":0.5085818767547607,"z":-0.1468043178319931,"w":0.8159882426261902},"size":45.993194580078128,"orthographic":false}