{"cameraMode":{"drawMode":0,"name":"Shaded","section":"Shading Mode"},"sceneLighting":false,"audioPlay":false,"sceneViewState":{"showFog":true,"showMaterialUpdate":true,"showSkybox":false,"showFlares":true,"showImageEffects":true,"showParticleSystems":true},"in2DMode":false,"pivot":{"x":-25.765493392944337,"y":-0.8052935600280762,"z":6.350181579589844},"rotation":{"x":0.039078161120414737,"y":-0.7197195291519165,"z":0.0398220494389534,"w":0.6923127174377441},"size":14.474532127380371,"orthographic":false}