{"cameraMode":{"drawMode":0,"name":"Shaded","section":"Shading Mode"},"sceneLighting":false,"audioPlay":false,"sceneViewState":{"showFog":true,"showMaterialUpdate":true,"showSkybox":false,"showFlares":true,"showImageEffects":true,"showParticleSystems":true},"in2DMode":false,"pivot":{"x":-1.362589955329895,"y":-3.8413283824920656,"z":2.470611095428467},"rotation":{"x":0.0014217522693797947,"y":-0.9266701340675354,"z":0.37637802958488467,"w":0.0021400931291282179},"size":11.638671875,"orthographic":false}