{"cameraMode":{"drawMode":0,"name":"Shaded","section":"Shading Mode"},"sceneLighting":true,"audioPlay":false,"sceneViewState":{"showFog":false,"showMaterialUpdate":false,"showSkybox":false,"showFlares":false,"showImageEffects":false,"showParticleSystems":false},"in2DMode":false,"pivot":{"x":-7.600428104400635,"y":-1.5193774700164796,"z":-15.932552337646485},"rotation":{"x":0.2789590656757355,"y":0.7026682496070862,"z":0.3596693277359009,"w":-0.5471156239509583},"size":19.781299591064454,"orthographic":false}