{"cameraMode":{"drawMode":0,"name":"Shaded","section":"Shading Mode"},"sceneLighting":false,"audioPlay":false,"sceneViewState":{"showFog":true,"showMaterialUpdate":true,"showSkybox":false,"showFlares":true,"showImageEffects":true,"showParticleSystems":true},"in2DMode":false,"pivot":{"x":1.5582150220870972,"y":-2.9746389389038088,"z":0.3120765686035156},"rotation":{"x":-0.03424573317170143,"y":-0.9577507376670837,"z":0.25465282797813418,"w":-0.1306823194026947},"size":11.638671875,"orthographic":false}