{"cameraMode":{"drawMode":0,"name":"Shaded","section":"Shading Mode"},"sceneLighting":false,"audioPlay":false,"sceneViewState":{"showFog":false,"showMaterialUpdate":false,"showSkybox":false,"showFlares":false,"showImageEffects":false,"showParticleSystems":false},"in2DMode":false,"pivot":{"x":3.8699100017547609,"y":2.1769979000091554,"z":-7.388798236846924},"rotation":{"x":0.09722863137722016,"y":-0.8219781517982483,"z":0.14368851482868195,"w":0.5431608557701111},"size":9.335271835327149,"orthographic":false}