{"cameraMode":{"drawMode":0,"name":"Shaded","section":"Shading Mode"},"sceneLighting":false,"audioPlay":false,"sceneViewState":{"showFog":true,"showMaterialUpdate":true,"showSkybox":false,"showFlares":true,"showImageEffects":true,"showParticleSystems":true},"in2DMode":false,"pivot":{"x":6.130653381347656,"y":0.44230443239212038,"z":7.891363620758057},"rotation":{"x":-0.12725764513015748,"y":-0.8045744895935059,"z":0.1872188001871109,"w":-0.5493645668029785},"size":11.638671875,"orthographic":false}