{"cameraMode":{"drawMode":0,"name":"Shaded","section":"Shading Mode"},"sceneLighting":false,"audioPlay":false,"sceneViewState":{"showFog":true,"showMaterialUpdate":true,"showSkybox":true,"showFlares":true,"showImageEffects":true,"showParticleSystems":true},"in2DMode":false,"pivot":{"x":207.35328674316407,"y":20.19318962097168,"z":-108.11714935302735},"rotation":{"x":0.3350920081138611,"y":0.13333460688591004,"z":-0.04808066040277481,"w":0.9315721988677979},"size":25.105653762817384,"orthographic":false}