{"cameraMode":{"drawMode":0,"name":"Shaded","section":"Shading Mode"},"sceneLighting":true,"audioPlay":false,"sceneViewState":{"showFog":true,"showMaterialUpdate":true,"showSkybox":true,"showFlares":true,"showImageEffects":true,"showParticleSystems":true},"in2DMode":false,"pivot":{"x":-25.24643325805664,"y":50.011802673339847,"z":-12.12606143951416},"rotation":{"x":-0.14055928587913514,"y":-0.40612176060676577,"z":0.06339442729949951,"w":-0.900729775428772},"size":10.0,"orthographic":false}