{"cameraMode":{"drawMode":0,"name":"Shaded","section":"Shading Mode"},"sceneLighting":false,"audioPlay":false,"sceneViewState":{"showFog":true,"showMaterialUpdate":true,"showSkybox":false,"showFlares":true,"showImageEffects":true,"showParticleSystems":true},"in2DMode":false,"pivot":{"x":1.0621118545532227,"y":-0.053205013275146487,"z":2.632129669189453},"rotation":{"x":-0.05829721316695213,"y":-0.9413149952888489,"z":0.24278774857521058,"w":-0.2279660552740097},"size":14.503902435302735,"orthographic":false}