{"cameraMode":{"drawMode":0,"name":"Shaded","section":"Shading Mode"},"sceneLighting":false,"audioPlay":false,"sceneViewState":{"showFog":false,"showMaterialUpdate":false,"showSkybox":false,"showFlares":false,"showImageEffects":false,"showParticleSystems":false},"in2DMode":false,"pivot":{"x":7.353682994842529,"y":-14.245871543884278,"z":-31.613826751708986},"rotation":{"x":0.0070515708066523079,"y":0.977328360080719,"z":-0.20875327289104463,"w":0.046780578792095187},"size":9.353310585021973,"orthographic":false}