{"cameraMode":{"drawMode":0,"name":"Shaded","section":"Shading Mode"},"sceneLighting":false,"audioPlay":false,"sceneViewState":{"showFog":true,"showMaterialUpdate":true,"showSkybox":false,"showFlares":true,"showImageEffects":true,"showParticleSystems":true},"in2DMode":false,"pivot":{"x":-3.2610809803009035,"y":1.1777410507202149,"z":3.6317102909088136},"rotation":{"x":-0.0632522702217102,"y":-0.0245622918009758,"z":0.0015940432203933597,"w":-0.9977793097496033},"size":0.6037486791610718,"orthographic":false}