{"cameraMode":{"drawMode":0,"name":"Shaded","section":"Shading Mode"},"sceneLighting":false,"audioPlay":false,"sceneViewState":{"showFog":false,"showMaterialUpdate":false,"showSkybox":false,"showFlares":false,"showImageEffects":false,"showParticleSystems":false},"in2DMode":false,"pivot":{"x":3.046692371368408,"y":1.2477742433547974,"z":4.948138236999512},"rotation":{"x":0.17557641863822938,"y":-0.8231663107872009,"z":0.33769690990448,"w":0.42225226759910586},"size":7.380871295928955,"orthographic":false}