{"cameraMode":{"drawMode":0,"name":"Shaded","section":"Shading Mode"},"sceneLighting":false,"audioPlay":false,"sceneViewState":{"showFog":true,"showMaterialUpdate":true,"showSkybox":true,"showFlares":true,"showImageEffects":true,"showParticleSystems":true},"in2DMode":false,"pivot":{"x":223.854736328125,"y":26.2545166015625,"z":-45.55542755126953},"rotation":{"x":0.1919938027858734,"y":0.31159818172454836,"z":-0.06996186822652817,"w":0.9284217953681946},"size":28.538047790527345,"orthographic":false}