{"cameraMode":{"drawMode":0,"name":"Shaded","section":"Shading Mode"},"sceneLighting":true,"audioPlay":false,"sceneViewState":{"showFog":true,"showMaterialUpdate":true,"showSkybox":true,"showFlares":true,"showImageEffects":true,"showParticleSystems":true},"in2DMode":false,"pivot":{"x":367.98101806640627,"y":54.961395263671878,"z":572.939208984375},"rotation":{"x":-0.18206709623336793,"y":-0.04806419461965561,"z":0.008910409174859524,"w":-0.9820728898048401},"size":672.30712890625,"orthographic":false}