{"cameraMode":{"drawMode":0,"name":"Shaded","section":"Shading Mode"},"sceneLighting":false,"audioPlay":false,"sceneViewState":{"showFog":false,"showMaterialUpdate":false,"showSkybox":false,"showFlares":false,"showImageEffects":false,"showParticleSystems":false},"in2DMode":false,"pivot":{"x":525.1817626953125,"y":-568.888671875,"z":587.536376953125},"rotation":{"x":0.3064376413822174,"y":0.3998083174228668,"z":-0.1437918096780777,"w":0.8518924713134766},"size":928.6641845703125,"orthographic":false}