{"cameraMode":{"drawMode":0,"name":"Shaded","section":"Shading Mode"},"sceneLighting":false,"audioPlay":false,"sceneViewState":{"showFog":true,"showMaterialUpdate":true,"showSkybox":false,"showFlares":true,"showImageEffects":true,"showParticleSystems":true},"in2DMode":false,"pivot":{"x":-13.233540534973145,"y":-3.07234525680542,"z":4.905179977416992},"rotation":{"x":0.14270031452178956,"y":-0.8235848546028137,"z":0.23739229142665864,"w":0.4949895739555359},"size":15.260377883911133,"orthographic":false}