{"cameraMode":{"drawMode":0,"name":"Shaded","section":"Shading Mode"},"sceneLighting":false,"audioPlay":false,"sceneViewState":{"showFog":false,"showMaterialUpdate":false,"showSkybox":false,"showFlares":false,"showImageEffects":false,"showParticleSystems":false},"in2DMode":false,"pivot":{"x":208.07363891601563,"y":53.018272399902347,"z":-136.05038452148438},"rotation":{"x":0.13608860969543458,"y":0.00029483516118489206,"z":-0.00008277333836304024,"w":0.9907647371292114},"size":7.408066749572754,"orthographic":false}