{"cameraMode":{"drawMode":0,"name":"Shaded","section":"Shading Mode"},"sceneLighting":false,"audioPlay":false,"sceneViewState":{"showFog":true,"showMaterialUpdate":true,"showSkybox":true,"showFlares":true,"showImageEffects":true,"showParticleSystems":true},"in2DMode":false,"pivot":{"x":-174.64437866210938,"y":-73.34898376464844,"z":321.37799072265627},"rotation":{"x":-0.06956332921981812,"y":0.3799578845500946,"z":-0.028669018298387529,"w":-0.9219566583633423},"size":566.0404052734375,"orthographic":false}