{"cameraMode":{"drawMode":0,"name":"Shaded","section":"Shading Mode"},"sceneLighting":false,"audioPlay":false,"sceneViewState":{"showFog":true,"showMaterialUpdate":true,"showSkybox":true,"showFlares":true,"showImageEffects":true,"showParticleSystems":true},"in2DMode":false,"pivot":{"x":-37.59422302246094,"y":169.4720458984375,"z":-122.04112243652344},"rotation":{"x":-0.19405536353588105,"y":-0.2331872433423996,"z":0.04754684865474701,"w":-0.9516985416412354},"size":188.99044799804688,"orthographic":false}