{"cameraMode":{"drawMode":0,"name":"Shaded","section":"Shading Mode"},"sceneLighting":true,"audioPlay":false,"sceneViewState":{"showFog":true,"showMaterialUpdate":true,"showSkybox":true,"showFlares":true,"showImageEffects":true,"showParticleSystems":true},"in2DMode":false,"pivot":{"x":127.63404846191406,"y":332.95452880859377,"z":-103.2504653930664},"rotation":{"x":0.578395426273346,"y":0.010044404305517674,"z":-0.007117151282727718,"w":0.8156704902648926},"size":4.359902381896973,"orthographic":false}