{"cameraMode":{"drawMode":0,"name":"Shaded","section":"Shading Mode"},"sceneLighting":false,"audioPlay":false,"sceneViewState":{"showFog":false,"showMaterialUpdate":false,"showSkybox":false,"showFlares":false,"showImageEffects":false,"showParticleSystems":false},"in2DMode":false,"pivot":{"x":-130.47119140625,"y":-600.3522338867188,"z":1019.2511596679688},"rotation":{"x":-0.2393251359462738,"y":0.15955857932567597,"z":-0.03872006759047508,"w":-0.9572799205780029},"size":1487.2900390625,"orthographic":false}