{"cameraMode":{"drawMode":0,"name":"Shaded","section":"Shading Mode"},"sceneLighting":false,"audioPlay":false,"sceneViewState":{"showFog":true,"showMaterialUpdate":true,"showSkybox":false,"showFlares":true,"showImageEffects":true,"showParticleSystems":true},"in2DMode":false,"pivot":{"x":-8.688499450683594,"y":1.2480049133300782,"z":14.695212364196778},"rotation":{"x":-0.29870232939720156,"y":-0.01257943082600832,"z":0.004416544456034899,"w":-0.9544485211372376},"size":22.0,"orthographic":false}