{"cameraMode":{"drawMode":0,"name":"Shaded","section":"Shading Mode"},"sceneLighting":false,"audioPlay":false,"sceneViewState":{"showFog":false,"showMaterialUpdate":false,"showSkybox":false,"showFlares":false,"showImageEffects":false,"showParticleSystems":false},"in2DMode":false,"pivot":{"x":4.7561821937561039,"y":3.9032397270202638,"z":7.185721397399902},"rotation":{"x":0.14198291301727296,"y":-0.7112666368484497,"z":0.14708705246448518,"w":0.6731054782867432},"size":6.805126667022705,"orthographic":false}